{   "parent": "block/block",
    "textures": {
        "particle": "block/jungle_planks",
        "bottom": "glam:block/painting_table_bottom",
        "top": "glam:block/painting_table_top",
        "side": "glam:block/painting_table_side",
        "front": "glam:block/painting_table_front"
    },
    "elements": [
        {   "from": [ 0, 0, 0 ],
            "to": [ 16, 13, 16 ],
            "faces": {
                "down":  { "uv": [ 0, 0, 16, 16 ], "texture": "#bottom", "cullface": "down" },
                "up":    { "uv": [ 0, 0, 16, 16 ], "texture": "#top" },
                "north": { "uv": [ 0, 3, 16, 16 ], "texture": "#side", "cullface": "north" },
                "south": { "uv": [ 0, 3, 16, 16 ], "texture": "#side", "cullface": "south" },
                "west":  { "uv": [ 0, 3, 16, 16 ], "texture": "#front", "cullface": "west" },
                "east":  { "uv": [ 0, 3, 16, 16 ], "texture": "#front", "cullface": "east" }
            }
        }
    ]
}